code_idzin;name;description
111111;Творчество (Цянь);Изначальность. Преуспевание. Полезность. Несгибаемость. 1. Начальная девятка. Нырнувший дракон не имеет предназначения. 2. Девятка вторая. Виднеющийся в поле дракон. Полезно увидеться с великим человеком. 3. Девятка третья. Благородный человек до конца дня предельно энергичен. Если вечером он осторожен, ожидая опасности, то неприятностей не будет. 4. Девятка четвертая. Неуверенный полет над бездной, однако неприятностей не будет. 5. Девятка пятая. Летящий в небесах дракон. Полезно увидеться с великим человеком. 6. Верхняя девятка. Вознесшийся дракон обретет сожаления. (Предназначение девяток: появляется сонм драконов, а главного нет. Это - к счастью.)
000000;Исполнение (Кунь);Изначальность. Преуспевание. Полезность. Несгибаемость кобылицы. Благородному человеку есть куда направиться. Сначала будет блуждать, а потом обретет господина. Полезно на юго-западе обрести друзей, а на северо-востоке расстаться с друзьями. Безмятежность и несгибаемость - к счастью. 1. Начальная шестерка. Если наступишь на иней, значит, близок крепкий лед. 2. Шестерка вторая. Методы достижения прямоты велики. Поэтому без упражнений не будет ничего полезного. 3. Шестерка третья. Сдерживание своих проявлений позволит быть несгибаемым. Можно последовать за царскими делами. Незавершенное обретет окончание. 4. Шестерка четвертая. Как завязанный мешок - ни бедствий, ни похвалы. 427 5. Шестерка пятая. Желтое платье. Изначальность - к счастью. 6. Верхняя шестерка. Драконы сражаются на окраине. Их кровь фиолетово-черная и желтая. (Предназначение шестерок: полезность и вечная несгибаемость.)
010001;Тунь (“Стяжательство”);Изначальность. Преуспевание. Полезность. Несгибаемость. Не предназначено иметь, куда направиться. Полезно возведение князей. 1. Начальная девятка. Преткновение полезно. Накопление несгибаемости. Полезно возведение князей. 2. Шестерка вторая. Толи стяжательство, толи топтание на месте. Схоже со сменой коней в упряжке. Не разбойничай, а сватайся. И пусть девушка несгибаемо противится помолвке. Десяток лет минует - и тогда будет помолвка. 3. Шестерка третья. Выйдешь на оленя без ловчего и заблудишься в чащобе. Благородный человек предвидит события и не действует. Двинуться - к сожалениям. 4. Шестерка четвертая. Схоже со сменой коней в упряжке. Добивайся брака. В дальнейшем - счастье, а пока не будет ничего полезного. 5. Девятка пятая. Стяжательство сала (сладкой жизни). Малому - несгибаемость к счастью, большому - несгибаемость к несчастью. 6. Верхняя шестерка. Схоже со сменой коней в упряжке. Схоже с рыданиями кровавыми слезами.
100010;Мэн (“Незрелость”, “Невежество”);Преуспевание. Я не ищу незрелых юнцов, так как незрелые юнцы ищут меня. Первое гадание даст прорицание, а второе и третье - это навязчивость. При навязчивости не будет прорицания. Полезность. Несгибаемость. 1. Начальная шестерка. Развитие незрелости полезно. Предназначено наказание людей и предназначено снимать оковы. При уходе будут сожаления. 428 2. Девятка вторая. Принять незрелого юнца - к счастью. Взятие жены - к счастью. Сын будет управлять домом. 3. Шестерка третья. Не предназначено брать жену. Она увидит богача и не соблюдет себя. Не будет того, что полезно. 4. Шестерка четвертая. Изнеможение от незрелости. Сожаления. 5. Шестерка пятая. Незрелость юнца - к счастью. 6. Верхняя девятка. Своеволие незрелости. Не полезно для действий разбойников. Полезно для расправы над разбойниками.
010111;Сюй (“Выжидание”);Обладание верностью - к славе. Преуспевание и несгибаемость - к счастью. Полезно переходить вброд великую реку. 1. Начальная девятка. Выжидание на окраине. Полезна и предназначена неподвижность. Неприятностей не будет. 2. Девятка вторая. Выжидание на песке. Будут пустяковые разговоры, но в конечном итоге - счастье. 3. Девятка третья. Выжидание в грязи. Близится приход разбойников. 4. Шестерка четвертая. Выжидание в крови. Выход из пещеры. 5. Девятка пятая. Выжидание за вином и яствами. Несгибаемость - к счастью. 6. Верхняя шестерка. Войдешь в пещеру. Прибудут три нежданных гостя. При осторожности в конечном итоге - счастье.
111010;Сун (“Спор”, “Обличение”);Обладание верностью - к препятствиям. Соблюдение середины - к счастью, а крайности - к несчастью. Полезно увидеться с великим человеком. Не полезно переходить вброд великую реку. 429 1. Начальная шестерка. Не вечно то, что свершается. Будут пустяковые разговоры, но в конечном итоге - счастье. 2. Девятка вторая. Не победишь в споре. Повернись и беги в свой город с населением в триста дворов, и не будет неприятностей. 3. Шестерка третья. Опирайся на обретенные ранее добродетели. Если будешь несгибаемым в опасности, то в конечном итоге будет счастье. Если придется послужить царю, то не самовольничай. 4. Девятка четвертая. Не победишь в споре. Противодействие предопределению приводит к нарушению спокойствия. Несгибаемость - к счастью. 5. Девятка пятая. При споре изначальность - к счастью. 6. Верхняя девятка. Может быть, будешь пожалован парадным поясом, но до конца аудиенции его трижды порвут.
000010;Ши (“Войско”);Несгибаемость. Почтенному человеку - счастье. Неприятностей не будет. 1. Начальная шестерка. Войско уходит, руководясь правилами. В противном случае будет несчастье. 2. Девятка вторая. Находиться в середине войска - к счастью. Неприятностей не будет, а царь трижды пожалует указами. 3. Шестерка третья. В войске могут быть возы трупов - несчастье. 4. Шестерка четвертая. Войско отойдет на привал, и неприятностей не будет. 5. Шестерка пятая. Когда в поле есть дичь, то полезно сказать свое слово, и неприятностей не будет. Старший сын поведет войска, а младшим достанутся возы трупов. Несгибаемость - к несчастью. 6. Верхняя шестерка. Великий государь обладает предопределением основывать государство и наследовать семье. У ничтожного человека нет предназначения.
010000;Би (“Близость”);Счастье - в повторном гадании. Изначальность. Вечная несгибаемость. Неприятностей не будет, хотя и попадешь в неспокойное место. Опоздавшему мужу - несчастье. 1. Начальная шестерка. При обладании верностью при близости неприятностей не будет. Обладание верностью подобно наполненному кувшину. В конечном итоге будет другое счастье. 2. Шестерка вторая. Близость с тем, что внутри. Несгибаемость - к счастью. 3. Шестерка третья. Близость со злодеем. 4. Шестерка четвертая. Близость с внешним. Несгибаемость - к счастью. 5. Девятка пятая. Откровенная близость. Царю предназначено выставить трех загонщиков, но дичь ускользнет. Горожане не будут иметь запретов. Это - к счастью. 6. Верхняя шестерка. Близость без головы - к несчастью.
110111;Сяо чу (“Малое воспитание”);Преуспевание. Густые тучи без дождя придут с нашей западной окраины. 1. Начальная девятка. Возврат на собственный Путь. Может ли быть от этого бедствие? Счастье. 2. Девятка вторая. Устремление к возврату - к счастью. 3. Девятка третья. У колесницы выпали спицы. Муж и жена отводят взгляды. 4. Шестерка четвертая. При обладании верностью кровопролития избежишь, опасное минуешь, и неприятностей не будет. 5. Девятка пятая. Обладание верностью сходно со сплоченностью, когда богатеешь вместе со своими соседями. 6. Верхняя девятка. Дождь пройдет и наступит затишье. Если дорожить добродетелями, то в таком случае несгибаемость женщины опасна. Если Луна почти в полнолунии, то идти в поход благородному человеку - к несчастью.
111011;Ли (“Поступок”, “Наступление”);Наступишь на хвост тигра, а он не укусит тебя. Преуспевание. 1. Начальная девятка. Безыскусные поступки уходят, и неприятностей не будет. 2. Девятка вторая. Когда Путь поступков - прямой-прямой, то в несгибаемости затворника - счастье. 3. Шестерка третья. Одноглазый может видеть, а хромой может наступать. Наступишь на хвост тигра. Если укусит тебя - несчастье. Но воин сражается ради великого государя. 4. Девятка четвертая. Наступишь на хвост тигра. Очень страшно, но в конечном итоге будет счастье. 5. Девятка пятая. При решительном поступке несгибаемость опасна. 6. Верхняя девятка. Рассматривай поступки и исследуй добрые предзнаменования. При их повторах - изначальность к счастью.
000111;Тай (“Процветание”);Малое уходит, великое приходит. Счастье - в преуспевании. 1. Начальная девятка. Выдернуть тростник со сплетенными корнями можно только пучком. Поход - к счастью. 2. Девятка вторая. Охваченность запустением. Предназначено перейди реку вброд. Не пренебрегай отдаленным, когда теряешь друзей. Следует ставить превыше всего срединность действий. 3. Девятка третья. Нет равнины без склонов, и нет ухода без возврата. В трудностях будь несгибаемым, и неприятностей не будет. Не сомневайся в своей верности, и в пище будет благополучие. 4. Шестерка четвертая. Взмоешь от радости, хотя и не разбогатеешь за счет своих соседей. Не остерегайся, обладая верностью. 432 5. Шестерка пятая. Ди И* отправлял своих дочерей к женихам, потому и был благополучен. Изначальность - к счастью. 6. Верхняя шестерка. Городской вал обрушился в ров. Не предназначены военные действия. Ведь город сам будет запрашивать приказы. Несгибаемость - к сожалениям. * Ди И - предпоследний шанский правитель (гг. правл. 1191-1155).
111000;Пи (“Упадок”);Для злодеев не будет полезно. Благородному человеку - несгибаемость. Великое уходит, малое приходит. 1. Начальная шестерка. Выдернуть тростник со сплетенными корнями можно только пучком. Несгибаемость - к счастью. Преуспевание. 2. Шестерка вторая. Охваченность помощью. Ничтожным людям - счастье. Великому человеку - упадок. Преуспевание. 3. Девятка третья. Охваченность стыдом. 4. Шестерка четвертая. Следуй предопределению, и неприятностей не будет, а также на последователей распространится благополучие. 5. Девятка пятая. Отошедшим от дел - упадок. Великому человеку - счастье. Но потеряет его, потеряет. Свяжешь ли буйно растущую шелковицу? 6. Верхняя девятка. Ниспровергающий упадок. Сначала упадок, а потом удача.
111101;Тун жэнь (“Содружество”, “Союзники”);Содружество на пустоши. Преуспевание. Полезно переходить вброд великую реку. Полезность благородному человеку. Несгибаемость. 1. Начальная девятка. Содружество в воротах - неприятностей не будет. 2. Шестерка вторая. Содружество в храме предков - к сожалениям. 433 3. Девятка третья. Спрячешь оружие в зарослях и поднимешься на высокое взгорье. Три года не будет процветания. 4. Девятка четвертая. Если взойдешь на защитный вал, но не сможешь штурмовать, то будет счастье. 5. Девятка пятая. Содружество сначала кричит и стенает, а потом смеется. Большие войска могут встретиться друг с другом. 6. Верхняя девятка. Содружество в пригороде - сожалений не будет.
101111;Да ю (“Большое владение”);Изначальность. Преуспевание. 1. Начальная девятка. Не связывайся с вредным - и не будет неприятностей. Потрудишься - и не будет неприятностей. 2. Девятка вторая. Большая колесница полна груза. Если есть куда направиться, то неприятностей не будет. 3. Девятка третья. Князю предназначено совершить подношения Сыну Неба. Ничтожные люди это сделать не могут. 4. Девятка четвертая. Обойдись без роскоши, и неприятностей не будет. 5. Шестерка пятая. Такая верность, подобная объединению или могуществу, - к счастью. 6. Верхняя девятка. Само Небо помогает этому - счастье и ничего неполезного.
000100;Цянь (“Уступчивость”, “Кротость”);Преуспевание. Благородный человек будет обладать завершенностью. 1. Начальная шестерка. Уступчивый-уступчивый благородный человек. Предназначен переход вброд через большую реку. Это - к счастью. 2. Шестерка вторая. Выражение уступчивости. Несгибаемость - к счастью. 434 3. Девятка третья. Трудящийся и уступчивый благородный человек. Если обретет завершенность, то будет счастье. 4. Шестерка четвертая. Ничего неполезного. Безропотная уступчивость. 5. Шестерка пятая. Не разбогатеть вместе со своими соседями. Полезны и предназначены захватнические действия. В нападении - ничего неполезного. 6. Верхняя шестерка. Выражение уступчивости. Полезно и предназначено отправить войско в карательные походы на города и государства.
001000;Юй (“Беспечность”);Полезно для возведения князей и движения войск. 1. Начальная шестерка. Выражение беспечности - к несчастью. 2. Шестерка вторая. Будь крепким, как камень, но не до конца дня. Несгибаемость - к счастью. 3. Шестерка третья. Зазеваешься в беспечности - будут сожаления. Опоздаешь - будут сожаления. 4. Девятка четвертая. Обусловленность беспечностью. Великому - обладание достижениями. Не сомневайся, друзья быстро соберутся. 5. Шестерка пятая. Несгибаемость - к болезни, длительной, но не смертельной. 6. Верхняя шестерка. Затмение беспечностью. Совершаемое обладает изменчивостью, и поэтому неприятностей не будет.
011001;Суй (“Следование”);Изначальность. Преуспевание. Полезность. Несгибаемость. Неприятностей не будет. 1. Начальная девятка. Когда служба полна превратностей, то несгибаемость - к счастью. Выходя за ворота, заводи достойные связи. 435 2. Шестерка вторая. Свяжешься с малыми детьми - потеряешь почтенных мужей. 3. Шестерка третья. Свяжешься с почтенными мужами - потеряешь малых детей. В следовании обретешь то, к чему стремишься. Полезность. Накопление несгибаемости. 4. Девятка четвертая. В следовании обретешь добычу. Несгибаемость - к несчастью. Обретешь верность, идя по Пути и имея ясность, но могут быть бедствия. 5. Девятка пятая. Верность по отношению к благому - к счастью. 6. Верхняя шестерка. Задержат и свяжут, и тогда последуешь на привязи. Царю предназначено совершить жертвоприношения у западной горы.
100110;Гу (“Порча”);"Изначальность. Преуспевание. Полезно переходить вброд великую реку за три дня до цзя и через три дня от цзя*. 1. Начальная шестерка. Порча свершений отца. Если есть сын, то у престарелого отца бедствий не будет, а опасность закончится счастьем. 2. Девятка вторая. Порча свершений матери. Невозможна несгибаемость. 3. Девятка третья. Порча свершений отца. В малом - сожаления, но больших неприятностей не будет. 4. Шестерка четвертая. Порча нажитого отцом. Уходя, испытаешь сожаления. 5. Шестерка пятая. Порча свершений отца. Предназначена слава. 6. Верхняя девятка. Не служи ни царю, ни князю, а возвеличь и приумножь свое дело. * Цзя - первый циклический знак из набора десяти ""небесных стволов"" (тянь гань)."
000011;Линь (“Вторжение”, “Посещение”);Изначальность. Преуспевание. Полезность. Несгибаемость. В восьмую луну будет несчастье. 436 1. Начальная девятка. Приспосабливающееся вторжение. Несгибаемость - к счастью. 2. Девятка вторая. Приспосабливающееся вторжение - к счастью. Ничего неполезного. 3. Шестерка третья. Услаждающее вторжение. Ничего полезного. Но если заранее побеспокоишься об этом, то неприятностей не будет. 4. Шестерка четвертая. Достигнутое вторжение. Неприятностей не будет. 5. Шестерка пятая. Разведывающее вторжение, подобающее великому государю, - к счастью. 6. Верхняя шестерка. Спешное вторжение - к счастью. Неприятностей не будет.
110000;Гуань (“Рассматривание”, Наблюдение”);Совершишь омовение, но не сможешь сделать подношение. Владея верностью, обретешь уважение. 1. Начальная шестерка. Ребяческое рассматривание. У ничтожного человека неприятностей не будет. Благородному человеку - сожаления. 2. Шестерка вторая. Рассматривание тайком. Полезность. Несгибаемость женщины. 3. Шестерка третья. Рассматривание взлетов и падений в своей жизни. 4. Шестерка четвертая. Рассматривание блеска царства. Полезен и предназначен прием у царя. 5. Девятка пятая. Рассматривание своей жизни. У благородного человека неприятностей не будет. 6. Верхняя девятка. Рассматривание этой жизни. У благородного человека неприятностей не будет.
101001;Ши хо (“Раскусывание”);Преуспевание. Полезна и предназначена тюрьма. 437 1. Начальная девятка. Обуют в колодки, и прикроются ступни, но неприятностей не будет. 2. Шестерка вторая. Откусишь кожи, и прикроется нос, но неприятностей не будет. 3. Шестерка третья. Откусишь вяленого мяса и наткнешься на отраву. Небольшое сожаление, но неприятностей не будет. 4. Девятка четвертая. Откусишь сухого мяса на кости. Подвернутся металлические стрелы. Полезность. Несгибаемость в затруднениях - к счастью. 5. Шестерка пятая. Откусишь сушеного мяса. Подвернется желтый металл. Будешь несгибаемым в опасности - неприятностей не будет. 6. Верхняя девятка. Наденут колодку на шею, и прикроются уши - несчастье.
100101;Би (“Светлость”, “Красота”, “Украшение”);Преуспевание в малом. Полезно иметь, куда направиться. 1. Начальная девятка. Светлость ступней. Оставишь колесницу и пойдешь пешком. 2. Шестерка вторая. Светлость бороды. 3. Девятка третья. Толи светлость, толи блеск от увлажненности. Вечная несгибаемость - к счастью. 4. Шестерка четвертая. Толи светлость, толи белизна. Подобно белому конскому корпусу. Не разбойничай, а сватайся. 5. Шестерка пятая. Светлость удаленного глухого сада. Когда моток шелка очень мал, то будут сожаления, но в конечном итоге - счастье. 6. Верхняя девятка. Безыскусная светлость. Неприятностей не будет.
100000;Бо (“Разрушение”);Не полезно иметь, куда направиться. 438 1. Начальная шестерка. У кровати разрушатся ножки. Пренебрежение несгибаемостью - к несчастью. 2. Шестерка вторая. У кровати разрушатся перекладины. Пренебрежение несгибаемостью - к несчастью. 3. Шестерка третья. Разрушение или отсутствие неприятностей. 4. Шестерка четвертая. У кровати разрушится кожаная обивка - несчастье. 5. Шестерка пятая. Связка рыбы - вот, чем можно снискать благосклонность должностных людей. Ничего неполезного. 6. Верхняя девятка. Зрелый плод не съеден. Благородный человек получит колесницу, а у ничтожного человека разрушится хижина.
000001;Фу (“Возврат”);Преуспевание. При входе и выходе не будет вреда. От прихода друзей неприятностей не будет. Поворот и возврат на свой Путь. Возврат наступит через семь дней. Полезно иметь, куда направиться. 1. Начальная девятка. При возврате не издалека сожалений не будет. Изначальность - к счастью. 2. Шестерка вторая. Прекращение возврата - к счастью. 3. Шестерка третья. Поспешный возврат опасен, но неприятностей не будет. 4. Шестерка четвертая. Следуй срединности в самостоятельном возврате. 5. Шестерка пятая. При значительном возврате сожалений не будет. 6. Верхняя шестерка. Заблуждающийся возврат - к несчастью. Будут бедствия и злоключения. Предназначены военные действия. В конечном итоге будет крупное поражение. Для государя страны - несчастье. Десять лет нельзя будет снаряжать карательные походы.
111001;У ван (“Непроизвольность”);Изначальность. Преуспевание. Полезность. Несгибаемость. У того, кто не искренний, будут бедствия. Не полезно иметь, куда направиться. 1. Начальная девятка. Уход непроизвольности - к счастью. 2. Шестерка вторая. Не запахав поле, соберешь урожай. Не освоив целинные земли, используешь их. Полезно иметь, куда направиться. 3. Шестерка третья. Непроизвольное бедствие. Привяжешь быка, а прохожий его украдет. Для горожан - бедствия. 4. Девятка четвертая. Сможешь быть несгибаемым, и неприятностей не будет. 5. Девятка пятая. Непроизвольная болезнь. Не принимай снадобий, и будет радость. 6. Верхняя девятка. Непроизвольные поступки ведут к беде. Ничего полезного.
100111;Да чу (“Великое воспитание”);Полезность. Несгибаемость. Кормиться не в семье - к счастью. Полезно переходить вброд великую реку. 1. Начальная девятка. Будет опасность, и полезно остановиться. 2. Девятка вторая. У колесницы выпали спицы. 3. Девятка третья. Погоня на превосходном скакуне полезна. В трудностях будь несгибаемым. Упражняйся в управлении колесницей и в обороне. Полезно иметь, куда направиться. 4. Шестерка четвертая. Защитная доска для молодого бычка. Изначальность - к счастью. 5. Шестерка пятая. Клыки выхолощенного кабана - к счастью. 6. Верхняя девятка. Это ли не дорога на небеса? Преуспевание.
100001;И (“Питание”, “Челюсти”);Несгибаемость - к счастью. Взгляни на челюсти - они сами ищут пищу для рта. 1. Начальная девятка. Если выбросишь свою волшебную черепаху и будешь рассматривать движения своих челюстей, то будет несчастье. 2. Шестерка вторая. Извращенное питание. Преступишь закон ради питания в уединении. Поход - к несчастью. 3. Шестерка третья. При преступном питании несгибаемость - к несчастью. Десять лет не будет предназначения. Нет того, что полезно. 4. Шестерка четвертая. Извращенное питание - к счастью. Так и тигр алчно взирает, желая погнаться вслед. Неприятностей не будет. 5. Шестерка пятая. Когда преступишь закон, то придерживаться несгибаемости - к счастью. Невозможен брод через великую реку. 6. Верхняя девятка. Обусловленность питанием. Жестокость - к счастью. Полезно переходить вброд великую реку.
011110;Да го (“Большой переход”);Большой переход Перекладины прогибаются. Полезно иметь, куда направиться. Преуспевание. 1. Начальная шестерка. Для подстилки предназначен белый камыш. Неприятностей не будет. 2. Девятка вторая. Засохший тополь пустил ростки. Старый муж найдет себе молодую наложницу. Ничего неполезного. 3. Девятка третья. Перекладины прогибаются - к несчастью. 4. Девятка четвертая. Если перекладины вздымаются, то достигнешь счастья. Что-нибудь другое - к сожалениям. 5. Девятка пятая. Засохший тополь зацвел. Старая женщина найдет себе служилого мужа. Бедствий не будет, и славы не будет. 441 6. Верхняя шестерка. Если при переходе вброд скроется макушка, то будет несчастье. Бедствий не будет.
010010;"Кань (""Повторная опасность"")";Обладай верностью, которая объединяет сердца. Преуспевание. Действия будут одобрены. 1. Начальная шестерка. Двойная яма. Если провалишься в пещеру в яме, то будет несчастье. 2. Девятка вторая. В яме есть пропасть. Добиваясь малого - обретешь. 3. Шестерка третья. Попадешь в яму в яме. Пропасть, и вот-вот - опора. Если провалишься в пещеру в яме, то не будет предназначения. 4. Шестерка четвертая. Кубок вина и жертвенный сосуд будут заменены. Предназначен глиняный кувшин, переданный по просьбе через окно. В конечном итоге неприятностей не будет. 5. Девятка пятая. Яма не наполняется, а когда выровняется, то неприятностей не будет. 6. Верхняя шестерка. Для связывания предназначены веревки и жгуты. Заточат в чаще терновника. Три года не будет достижений - несчастье.
101101;"Ли (""Сияние"")";Полезность. Несгибаемость. Преуспевание. Разводить коров - к счастью. 1. Начальная девятка. Будет путаница поступков. Отнесись к этому со вниманием, и неприятностей не будет. 2. Шестерка вторая. Желтое разделение. Изначальность - к счастью. 3. Девятка третья. Разделение после полудня. Будут не постукивания по кувшину да песни, а оханья глубокого старца. Несчастье. 4. Девятка четвертая. Толи выскочишь, толи придешь. Подобно сгоранию, подобно погибели, подобно отбрасыванию. 442 5. Шестерка пятая. Навертываются слезы и льются ручьями. Толи вздохи близких, толи счастье. 6. Верхняя девятка. Царю предназначено выступить в поход. Будет благополучие. При срубании голов и поимке бандитов и им подобных неприятностей не будет.
011100;Сянь (“Взаимодействие”, “Приспосабливание”);Преуспевание. Полезность. Несгибаемость. Брать жену - к счастью. 1. Начальная шестерка. Взаимодействие с большими пальцами твоих ног. 2. Шестерка вторая. Взаимодействие с твоими голенями - к несчастью. Не двигаться с места - к счастью. 3. Девятка третья. Взаимодействие с твоими бедрами. Держись того, за кем последовал. Уход - к сожалениям. 4. Девятка четвертая. Несгибаемость - к счастью и к отсутствию сожалений. Нерешительность при уходе и приходе. Друзья последуют за твоими замыслами. 5. Девятка пятая. Взаимодействие с твоей спиной - сожалений не будет. 6. Верхняя шестерка. Взаимодействие с твоими скулами, щеками и языком.
001110;Хэн (“Неподвижность”, “Постоянство”);Преуспевание. Неприятностей не будет. Полезность. Несгибаемость. Полезно иметь, куда направиться. 1. Начальная шестерка. Исчерпание неподвижности. Несгибаемость - к несчастью. Ничего полезного. 2. Девятка вторая. Сожаления исчезнут. 443 3. Девятка третья. Не будут неподвижны твои добродетели. Можешь из-за них удостоиться позора. Несгибаемость - к сожалениям. 4. Девятка четвертая. На поле нет дичи. 5. Шестерка пятая. Будут неподвижны твои добродетели. Несгибаемость для замужней женщины - к счастью, а для мужа - к несчастью. 6. Верхняя шестерка. Извлечение неподвижности - к несчастью.
111100;Дунь (“Уход”, “Бегство”);Преуспевание. Полезность в малом. Несгибаемость. 1. Начальная шестерка. При уходе - хвост в опасности. Не предназначено иметь, куда направиться. 2. Шестерка вторая. Для удержания предназначена кожа желтой коровы, от которой не возможно освободиться. 3. Девятка третья. Задержка в уходе - к болезням и бедам. Содержание слуг и служанок - к счастью. 4. Девятка четвертая. Уход от благоденствия. Благородному человеку - счастье, а ничтожному человеку - упадок. 5. Девятка пятая. При уходе от благополучия несгибаемость - к счастью. 6. Верхняя девятка. При уходе от изобилия не будет ничего неполезного.
001111;Да чжуан (“Великая сила”);Полезность. Несгибаемость. 1. Начальная девятка. Сила в ступнях. Поход - к несчастью. Обладай верностью. 2. Девятка вторая. Несгибаемость - к счастью. 444 3. Девятка третья. Ничтожному человеку предназначено применять силу, а благородному человеку предназначено применять ловушки. Несгибаемость - опасна. Баран будет бодать изгородь - застрянут его рога. 4. Девятка четвертая. Несгибаемость - к счастью и к отсутствию сожалений. Изгородь будет пробита - не застрянешь. Сила - в осях большой колесницы. 5. Шестерка пятая. Потеряешь барана по невнимательности, но сожалений не будет. 6. Верхняя шестерка. Когда баран будет бодать изгородь и не сможет ни отступить, ни пройти вперед, то не будет ничего полезного. Но за трудностями последует счастье.
101000;Цзинь (“Выпячивание”, “Восход”);Процветающему князю предназначено жаловать коней в великом множестве, а за день трижды устраивать приемы. 1. Начальная шестерка. Толи выпячивание, толи то отступление. Несгибаемость - к счастью. Не будет верности. При изобилии не будет неприятностей. 2. Шестерка вторая. Толи выпячивание, толи то стенания. Несгибаемость - к счастью. Получишь большие милости от матери своего царя. 3. Шестерка третья. При вседозволенности сожаления исчезнут. 4. Девятка четвертая. Выпячивание, подобное сурку. Несгибаемость - опасна. 5. Шестерка пятая. Сожаления исчезнут. При потере обретенного не беспокойся. Поход - к счастью. Ничего неполезного. 6. Верхняя девятка. Выпячивай рога, поскольку предназначение - покорить город. Угрозы - к счастью. Неприятностей не будет. Несгибаемость - к сожалениям.
000101;Мин и (“Помрачение”, “Угасание света”);Полезность. В тяготах - несгибаемость. 445 1. Начальная девятка. Помрачение. При полете опускаются крылья. Благородный человек в пути по три дня не принимает пищу, когда есть, куда направиться. Но челядь будет роптать. 2. Шестерка вторая. Помрачение. Поражено левое бедро. Предназначена помощь сильных коней. Это - к счастью. 3. Девятка третья. Помрачение. Когда в походе на южные земли схватишь их вожака, то не возможен вред, но будь несгибаем. 4. Шестерка четвертая. Помрачение достигнет сердца, проникнув через левый бок. Выход со двора через ворота. 5. Шестерка пятая. Помрачение Цзи-цзы*. Полезность. Несгибаемость. 6. Верхняя шестерка. Нет ясности, а только мрак. Сначала подъем до небес, а потом погружение в землю. * Цзи-цзы - министр покоренной чжоуским У-ваном иньской династии, не захотевший служить новым властям, которых считал узурпаторами.
110101;Цзя жэнь (“Семья”);Полезность. Несгибаемость женщины. 1. Начальная девятка. Затворись в семье, и сожаления исчезнут. 2. Шестерка вторая. Не следуй ни за кем, а позаботься о пропитании. Тогда несгибаемость - к счастью. 3. Девятка третья. В семье суровые оклики, но в опасении и строгости - счастье. Если же женщины и дети заливаются смехом, то в конечном итоге будут сожаления. 4. Шестерка четвертая. Обогащение семьи - это великое счастье. 5. Девятка пятая. Подобно царю владеть семьей - это не горе, а счастье. 6. Верхняя девятка. Обладание верностью сходно с могуществом. В конечном итоге будет счастье.
101011;Куй (“Отстранение”);В незначительных делах - счастье. 1. Начальная девятка. Сожаления исчезнут. Если лишишься коня, то не гонись за ним - сам вернется. Увидишь злого человека, но неприятностей не будет. 2. Девятка вторая. Встретишь господина на улице, и неприятностей не будет. 3. Шестерка третья. Смотри, воз, который тянут быки, задерживает человек с клейменым лбом и отрезанным носом. Нет начала без завершения. 4. Девятка четвертая. Отстранение и одиночество. Встретишь великодушного мужа. Взаимная верность опасна, но сожалений не будет. 5. Шестерка пятая. Сожаления исчезнут, когда сородичи прокусят кожу. Если уйдешь, то неприятностей не будет. 6. Верхняя девятка. Отстранение и одиночество. Увидишь свинью, покрытую грязью, и колесницу, полную демонов. Сначала натянешь лук, а потом отбросишь его. Не разбойничай, а сватайся. Уходя, попасть под дождь - к счастью.
010100;Цзянь (“Препятствие”);Полезен юго-запад, неполезен северо-восток. Полезно увидеться с великим человеком. Несгибаемость - к счастью. 1. Начальная шестерка. При уходе - препятствия, при приходе - почести. 2. Шестерка вторая. Царскому слуге - препятствие за препятствием не по его вине. 3. Девятка третья. При уходе - препятствия, при приходе - противоречия. 4. Шестерка четвертая. При уходе - препятствия, при приходе - объединение. 5. Девятка пятая. При больших препятствиях придут друзья. 6. Верхняя шестерка. При уходе - препятствия, при приходе - возвеличивание и счастье. Полезно увидеться с великим человеком.
001010;Цзе (“Разнузданность”, “Освобождение”);Полезен юго-запад. Когда некуда направиться, в возвращении - счастье. Когда есть куда направиться, то загодя - счастье. 1. Начальная шестерка. Неприятностей не будет. 2. Девятка вторая. Поймаешь трех лисиц на охоте и обретешь желтую стрелу. Несгибаемость - к счастью. 3. Шестерка третья. Носильщик - а едет, и тем самым накличет приход разбойников. Несгибаемость - к сожалениям. 4. Девятка четвертая. Разнузданность твоих больших пальцев. Придут друзья, обладающие верностью. 5. Шестерка пятая. Благородному человеку связать то, что разнуздано, - к счастью. Обладай верностью и иди к ничтожным людям. 6. Верхняя шестерка. Князю предназначено выстрелить в сокола с вершины высокой крепостной стены. Добыть его не будет не полезно.
100011;Сунь (“Убыток”);Обладание верностью и изначальность - к счастью. Неприятностей не будет. Возможна несгибаемость. Полезно иметь, куда направиться. В чем предназначение? Две чаши могут быть предназначены для жертвоприношений. 1. Начальная девятка. Заверши дела и скорее уходи, и неприятностей не будет. Сообразуйся с убытками. 2. Девятка вторая. Полезность. Несгибаемость. Поход - к несчастью. Не убыток, а прибыль. 3. Шестерка третья. Когда идут трое, то убудут на одного человека, когда идет один человек, то обретет себе друга. 4. Шестерка четвертая. Убыток твоих горестей. Поспешишь и будешь веселиться, и неприятностей не будет. 448 5. Шестерка пятая. Возможна такая прибыль, что и десять связок гадательных черепаховых панцирей не смогут противостоять. Изначальность - к счастью. 6. Верхняя девятка. Не убыток, а прибыль. Неприятностей не будет. Несгибаемость - к счастью. Полезно иметь, куда направиться. Обретешь подданных, но не семью.
110001;И (“Прибыль”);Полезно иметь, куда направиться. Полезно переходить вброд великую реку. 1. Начальная девятка. Полезны и предназначены свершения великих дел. Изначальность - к счастью и к отсутствию неприятностей. 2. Шестерка вторая. Возможна такая прибыль, что и десять связок гадательных черепаховых панцирей не смогут противостоять. Вечная несгибаемость - к счастью. Царю предназначено жертвоприношение первопредкам. Это - к счастью. 3. Шестерка третья. Чтобы получить прибыль, предназначено многому натерпеться. Неприятностей не будет при обладании верностью. Следуя срединности, уведомь князей о предназначении яшмовых пластинок. 4. Шестерка четвертая. Следуя срединности, прикажи князьям подчиниться. Полезно и предназначено обеспечить поддержку и перенести столицу. 5. Девятка пятая. Обладая верностью и добрым сердцем, не спрашивай ни с кого. Изначальность - к счастью. Обладание верностью и добротой - это твои добродетели. 6. Верхняя девятка. Не будет никакой прибыли, но возможны побои. Утвердись в сердце. Отсутствие неподвижности - к несчастью.
011111;Гуай (“Решимость”);Взойдешь до царского двора, если будешь держаться верности в призывах. Если будет опасность, то уведомь свой город. Не полезно браться за оружие. Полезно иметь, куда направиться. 1. Начальная девятка. Сила в передней части ступней. Если уйдешь, не победив, то будут неприятности. 449 2. Девятка вторая. Призывы к бдительности. Глубокой ночью могут быть вооруженные действия. Не страшись. 3. Девятка третья. Сила в скулах - к несчастью. Благородный человек должен проявить предельную решимость. Пойдет в одиночестве и попадет под дождь. Если промокнет, то почувствует досаду, но неприятностей не будет. 4. Девятка четвертая. Если на ягодицах нет кожи, то идти трудно. Пусть тогда тянут как барана на веревке, и сожаления исчезнут. Услышанным речам не верь. 5. Девятка пятая. В бурьяне и на холмах прояви предельную решимость. Держись срединного пути, и неприятностей не будет. 6. Верхняя шестерка. Если не станешь призывать, то в конечном итоге будет несчастье.
111110;Гоу (“Встреча”);У женщины - сила. Не предназначено брать жену. 1. Начальная шестерка. При остановке металлическим тормозом несгибаемость - к счастью. Иметь, куда направиться, - к несчастью. Верность тощей свиньи - топтаться на месте. 2. Девятка вторая. В свертке есть рыба - неприятностей не будет. Не полезно быть гостем. 3. Девятка третья. Если на ягодицах нет кожи, то идти трудно. Опасно, но больших неприятностей не будет. 4. Девятка четвертая. В свертке нет рыбы, и восставать - к несчастью. 5. Девятка пятая. Ивой прикрыты дыни. Сдерживай свои проявления, и будет ниспослано небом. 6. Верхняя девятка. Встреча с рогами - к сожалениям. Но неприятностей не будет.
011000;Цуй (“Сборище”, “Скопление”);Преуспевание как у царя, находящегося в дворцовом зале. Полезно увидеться с великим человеком. Преуспевание. Полезность. Несгибаемость. Предназначено совершить великое жертвоприношение. Счастье. Полезно иметь, куда направиться. 1. Начальная шестерка. Если нет завершенности в верности, то будет беспорядок или сборище. Позовешь, и все сразу соберутся со смехом. Не сожалей об уходе, и неприятностей не будет. 2. Шестерка вторая. Вызовешь счастье, и неприятностей не будет. При обладании верностью полезно и предназначено совершить жертвоприношение. 3. Шестерка третья. Толи сборище, толи паника. Нет никакой полезности. При уходе не будет неприятностей, а только небольшое сожаление. 4. Девятка четвертая. Великое счастье, и нет неприятностей. 5. Девятка пятая. Сборище обзаведется местом, и неприятностей не будет. Нет верности, но если будут изначальность и вечная несгибаемость, то сожаления исчезнут. 6. Верхняя шестерка. Жалобы и вздохи. Слезы до соплей. Но бедствий не будет.
000110;Шэн (“Подъем”);"Изначальность. Преуспевание. Предназначено увидеться с великим человеком. Не беспокойся. Поход на юг - к счастью. 1. Начальная шестерка. Дозволенный подъем - к великому счастью. 2. Девятка вторая. При обладании верностью полезно и предназначено совершить жертвоприношение. Неприятностей не будет. 3. Девятка третья. Подъем в пустом городе. 4. Шестерка четвертая. Царю предназначено совершить жертвоприношения у горы Ци*. Счастье и отсутствие неприятностей. 5. Шестерка пятая. Несгибаемость - к счастью при подъеме по ступеням. 6. Верхняя шестерка. При подъеме во мраке полезность и непрерывная несгибаемость. * Ци (""Разветвленная"") - гора на территории современной провинции Шэньси. Рядом с этой горой, согласно легенде, располагалась столица древнего царства Чжоу."
011010;Кунь (“Изнеможение”, “Истощение”);Преуспевание. Несгибаемость. Великому человеку - счастье и отсутствие неприятностей. Будут речи, которым не следует доверяться. 1. Начальная шестерка. Изнеможение ягодиц от пня дерева. Войдешь в мрачное ущелье и три года не будешь ничего видеть. 2. Девятка вторая. Изнеможение от вина и пищи. Когда появится [человек] в красном переднике, то полезно и предназначено совершить жертвоприношения. Поход - к несчастью. Неприятностей не будет. 3. Шестерка третья. Изнеможение от камня. Наткнешься на колючий кустарник. Войдешь в свой дом и не увидишь собственной жены - несчастье. 4. Девятка четвертая. Очень медленное прибытие. Изнеможение от металлической повозки. Сожаления будут иметь конец. 5. Девятка пятая. Нос и ступни отрезаны. Изнеможение от красного передника. Постепенно наступит радость. Полезно и предназначено совершить жертвоприношения. 6. Верхняя шестерка. Изнеможение от запутанных зарослей и от спотыканий. Говорят, что в движении - сожаления, и будешь иметь сожаления. Поход - к счастью.
010110;Цзин (“Колодец”);Меняется город, но не меняется колодец. Он ничего не утрачивает и не обретает. Уходишь или приходишь, а колодец - колодцем. Если не хватает веревки, чтобы достать воды из колодца, или разобьешь свою бадью, то будет несчастье. 1. Начальная шестерка. В колодце - одна грязь, и нельзя пить. Рядом с запущенным колодцем нет живности. 2. Девятка вторая. Колодец обмелел, и завелись лягушки. Бадья ветхая и течет. 3. Девятка третья. Колодец еще глубок, но из него уже не пьют. В моей душе скорбь, ведь могло же осуществиться предназначение черпать. Когда царь просветлен, то все обретают благополучие. 452 4. Шестерка четвертая. Если колодец облицован кирпичом, то неприятностей не будет. 5. Девятка пятая. Колодец - как чистый, холодный родник. Можно пить. 6. Верхняя шестерка. Колодец - в пригодности и не закрыт. Обладание верностью и изначальностью - к счастью.
011101;Гэ (“Обновление”, “Смена”);"На шестой* день обретешь верность. При наличии изначальности, преуспевания, полезности и несгибаемости сожаления исчезнут. 1. Начальная девятка. Для крепления предназначена кожа желтой коровы. 2. Шестерка вторая. На шестой день произойдет обновление. Поход - к счастью и к отсутствию неприятностей. 3. Девятка третья. Поход - к несчастью. Несгибаемость - опасна. Обновляй речь трижды и тогда будешь обладать верностью. 4. Девятка четвертая. Сожаления исчезнут при обладании верностью. Исправление предопределения - к счастью. 5. Девятка пятая. Великий человек видоизменяется подобно тигру. И до гадания он обладает верностью. 6. Верхняя шестерка. Благородный человек видоизменяется подобно леопарду. У ничтожных людей обновляется только наружность. Поход - к несчастью. Сохранять несгибаемость - к счастью. * В китайском тексте, взятом для перевода (Чжоу и иньдэ. Тайбэй, 1966, с. 30), на этом месте и вначале второй позиции данной гексаграммы стоит иероглиф сы, обозначающий шестой знак цикла ""земных ветвей"". В некоторых других публикация ""Книги перемен"" вместо него используются достаточно похожие иероглифы цзи (""сам"", ""собственный"", шестой знак цикла ""небесных стволов"") или и (""остановить"", ""прекратить"", ""закончить"")."
101110;Дин (“Треножник”);Изначальность - к счастью. Преуспевание. 1. Начальная шестерка. Треножник опрокинут вверх ногами. Полезно для прекращения упадка. Брать наложницу ради ее сына - к отсутствию неприятностей. 2. Девятка вторая. Треножник полон. У моих врагов нужда, но меня это не может касаться - счастье. 3. Девятка третья. Ручки треножника обновят, но в этом действии будут препятствия. Жиром фазана не насытишься. Только после дождя закончатся сожаления. В конечном итоге - счастье. 4. Девятка четвертая. У треножника подломились ножки, и опрокинуты жертвы князя. Снаружи он замочился - несчастье. 5. Шестерка пятая. У треножника желтые ручки и золотая дужка. Полезность. Несгибаемость. 6. Верхняя девятка. У треножника нефритовая дужка. Великое счастье и ничего неполезного.
001001;"Чжэнь (""Молния"")";Преуспевание. Гром придет, и затрепещешь от ужаса и зальешься смехом. Гром пугает за сотни верст, но не перевернет даже черпака жертвенного вина. 1. Начальная девятка. Гром придет, и затрепещешь от ужаса. Но потом зальешься смехом. Счастье. 2. Шестерка вторая. Гром приходит, неся опасности. Стотысячекратно утратишь богатства. Взойдешь на девять холмов. Не ищи - через семь дней обретешь. 3. Шестерка третья. От грома оторопеешь. Гром идет, но беды не будет. 4. Девятка четвертая. Гром вязнет в тине. 5. Шестерка пятая. Гром отдаляется и приближается - опасно, но за сто тысяч раз не утратишь уменья действовать. 6. Верхняя шестерка. Гром вызовет растерянность, и будешь испуганно озираться вокруг. Поход - к несчастью. Если гром не у тебя, а у твоих соседей, то неприятностей не будет. Бракосочетание породит пересуды.
100100;"Гэнь (""Сосредоточенность"")";Непоколебимость твоей спины. Не почувствуешь своего тела. Проходя по своему двору, не заметишь своих людей, но неприятностей не будет. 1. Начальная шестерка. Непоколебимость твоих стоп. Неприятностей не будет. Полезность и вечная несгибаемость. 2. Шестерка вторая. Непоколебимость твоих икр. Не сможешь спасти того, за кем следуешь. Твое сердце несчастно. 3. Девятка третья. Непоколебимость твоих бедер. Стройность твоего стана. Ужас охватывает сердце. 4. Шестерка четвертая. Непоколебимость твоего туловища. Неприятностей не будет. 5. Шестерка пятая. Непоколебимость твоих скул. Если в речах будет упорядоченность, то сожаления исчезнут. 6. Верхняя девятка. Укрепить непоколебимость - к счастью.
110100;Цзянь (“Неспешность”, “Течение”);Замужество женщины - к счастью. Полезность. Несгибаемость. 1. Начальная шестерка. Лебедь неспешно приближается к берегу. Маленьким детям - опасность. Будут разговоры, но неприятностей не будет. 2. Шестерка вторая. Лебедь неспешно приближается к скале. В питье и в пище будет достаток - к счастью. 3. Девятка третья. Лебедь неспешно приближается к суше. Муж отправится в поход и не вернется, а жена забеременеет, но не выносит - несчастье. Полезно обуздать разбойников. 4. Шестерка четвертая. Лебедь неспешно приближается к дереву. Может быть, найдет себе насест, и неприятностей не будет. 5. Девятка пятая. Лебедь неспешно приближается к холму. Три года женщина не беременеет. В конечном итоге ничто ей не помешает, и будет счастье. 455 6. Верхняя девятка. Лебедь неспешно приближается к суше. Его перья могли бы иметь предназначение в обрядах. Счастье.
001011;Гуй мэй (“Невеста”);Поход - к несчастью. Нигде нет полезности. 1. Начальная девятка. Выдача замуж младшей дочки в качестве младшей жены. Когда хромой может наступать, то поход - к счастью. 2. Девятка вторая. Кривой может видеть. Полезность. Несгибаемость отшельника. 3. Шестерка третья. Младшую дочку отдавали как иждивенку, а обернулось, что отдали как младшую жену. 4. Девятка четвертая. Если в выдаче замуж младшей дочки будет упущен срок, то позже выдадут, ведь еще есть время. 5. Шестерка пятая. Ди И* выдавал замуж младшую дочку. Наряд этой госпожи был не сравним с роскошным нарядом его младшей жены. Луна почти в полнолунии - к счастью. 6. Верхняя шестерка. Если женщина подносит корзину, которая не наполнена, а мужчина закалывает барана, но крови нет, то не будет ничего полезного. * Ди И - предпоследний шанский правитель (гг. правл. 1191-1155). 
001101;Фэн (“Изобилие”);Преуспевание как у царя. Не будешь иметь печалей, а будешь как солнце в середине своего пути. 1. Начальная девятка. Встретишь достойного тебя правителя, и, по меньшей мере, декада пройдет без неприятностей. В походе будет успех. 2. Шестерка вторая. Такое изобилие занавесей, что в полдень увидишь созвездие Доу*. Уходя, встретишься с сомнениями и ненавистью. Обладая верностью, быть открытым - к счастью. 456 3. Девятка третья. Такое изобилие штор, что в полдень увидишь звездочку Мэй**. Вывихнешь свою правую руку, но неприятностей не будет. 4. Девятка четвертая. Такое изобилие занавесей, что в полдень увидишь созвездие Доу. Встретить подобающего себе правителя - к счастью. 5. Шестерка пятая. Появится знамение, и приобретешь поддержку, славу и счастье. 6. Верхняя шестерка. Такое изобилие комнатных занавесей в твоем доме, что выглянешь за свою дверь, и не увидишь людей. Но если три года никого не будешь видеть, то будет несчастье. * Доу (Ковш) - созвездие Большой Медведицы. ** Мэй (Алькор) - неяркая звезда, расположенная рядом с Дзетой Большой Медведицы.
101100;Люй (“Странствие”);Преуспевание в малом. Несгибаемость в странствии - к счастью. 1. Начальная шестерка. Если в странствии будешь мелочен, то из-за этого накличешь на себя беду. 2. Шестерка вторая. Когда в странствии находишь прибежище, то держи за пазухой все свое состояние. Когда обретешь служку, то будь несгибаем. 3. Девятка третья. Во время странствия сгорит твое прибежище. Утратишь своего служку, и несгибаемость будет опасна. 4. Девятка четвертая. В странствии зайдешь на постой. Обретешь драгоценный топор, но в твоем сердце не будет радости. 5. Шестерка пятая. Будешь стрелять в фазана, и одна стрела затеряется. В конечном итоге обретешь славное предопределение. 6. Верхняя девятка. У птиц спалили гнезда. Странник сначала смеется, потом стенает и плачет. Потеряешь быка по невнимательности - несчастье.
110110;"Сунь (""Проникновение"")";"Преуспевание в малом. Полезно иметь, куда направиться. Полезно увидеться с великим человеком. 1. Начальная шестерка. В наступлении и в отступлении - полезность и несгибаемость воина. 2. Девятка вторая. Мягкость подстилки на кровати. При сомнениях предназначено прибегать к гадателям и шаманам. Это - к счастью и к отсутствию неприятностей. 3. Девятка третья. Многократная мягкость - к разочарованиям. 4. Шестерка четвертая. Сожаления исчезнут, когда на охоте - тройная добыча. 5. Девятка пятая. Несгибаемость - к счастью и к исчезновению сожалений. Ничего неполезного. Нет начала без завершения. За три дня до гэн* и через три дня после будет счастье. 6. Верхняя девятка. Мягкость подстилки на кровати. Потеряешь свой драгоценный топор. Несгибаемость - к несчастью. * Гэн - седьмой циклический знак из набора десяти ""небесных стволов"" (тянь гань)."
011011;"Дуй (""Радость"")";Преуспевание. Полезность. Несгибаемость. 1. Начальная девятка. Отдача с согласием - к счастью. 2. Девятка вторая. Отдача с верностью - к счастью и к исчезновению сожалений. 3. Шестерка третья. Отдача приходящего - к несчастью. 4. Девятка четвертая. Отдача по договоренности не принесет спокойствия. При помощи в бедах будет счастье. 5. Девятка пятая. Верность по отношению к разорителям опасна. 6. Верхняя шестерка. Соблазнительная отдача.
110010;Хуань (“Распад”);Преуспевание как у царя, находящегося в дворцовом зале. Полезно переходить вброд великую реку. Полезность. Несгибаемость. 1. Начальная шестерка. Предназначена помощь сильных коней. Счастье. 2. Девятка вторая. При распаде беги к своей опоре, и сожаления исчезнут. 3. Шестерка третья. Распад твоего тела, но сожалений не будет. 4. Шестерка четвертая. Распад твоей ватаги. Изначальность - к счастью. При распаде обретешь уединение и в нелюдном месте предашься размышлениям. 5. Девятка пятая. При распаде выступит испарина от твоих громких воплей. При распаде в жилище царя неприятностей не будет. 6. Верхняя девятка. Распад твоих кровников. Уйди и держись в удалении, и неприятностей не будет.
010011;Цзе (“Ограничение”);Преуспевание. При избыточном ограничении не сможешь быть несгибаемым. 1. Начальная девятка. Если не выйдешь из внутреннего двора, то неприятностей не будет. 2. Девятка вторая. Если не выйдешь из внешнего двора, то будет несчастье. 3. Шестерка третья. Если не ограничиваться, то могут быть и тяжелые вздохи, и отсутствие неприятностей. 4. Шестерка четвертая. Умиротворенное ограничение. Преуспевание. 5. Девятка пятая. Приятное ограничение - к счастью. При действии будет успех. 6. Верхняя девятка. Мучительное ограничение. Несгибаемость - к несчастью. Но сожалений не будет.
110011;Чжун фу (“Верность срединности”);"Кабанам и рыбам - счастье. Полезно переходить вброд великую реку. Полезность. Несгибаемость. 1. Начальная девятка. Сохранять безмятежность - к счастью, а стремиться к иному - к беспокойству. 2. Девятка вторая. Журавль кричит во мраке, а его птенцы отзываются. Словно переговариваются: ""У меня есть кубок отличного вина"" - ""Мы готовы разделить его с тобой"". 3. Шестерка третья. Обретешь противника - то ли бить в барабан, то ли замолкнуть, то ли плакать, то ли петь. 4. Шестерка четвертая. Когда Луна будет близиться к полнолунию, то загонишь пару коней, но неприятностей не будет. 5. Девятка пятая. Обладание верностью подобно объединению. Неприятностей не будет. 6. Верхняя шестерка. Крик петуха достигает неба. Несгибаемость - к несчастью."
001100;Сяо го (“Малый переход”);Преуспевание. Полезность. Несгибаемость. Возможны малые дела, но не возможны великие дела. Улетает птица, и забывается ее голос. Не следует подниматься, следует опускаться, и будет великое счастье. 1. Начальная шестерка. Птица улетает - к несчастью. 2. Шестерка вторая. Если пройдешь мимо своего деда, но встретишь свою бабку, или не дойдешь до своего правителя, но встретишь его слугу, то неприятностей не будет. 3. Девятка третья. Не проходи мимо, а обеспечь его защиту, а то следующие за тобой нападут, и будет несчастье. 4. Девятка четвертая. Неприятностей не будет, если не пройдешь мимо и встретишься. Уход опасен, и необходима осторожность. Нет предназначения. Вечная несгибаемость. 460 5. Шестерка пятая. Густые тучи без дождя придут с нашей западной окраины. Князь пустит стрелу на веревке, чтобы взять противника, а найдет ее в канаве. 6. Верхняя шестерка. Если, не встречаясь, пройдешь мимо, или летящая птица удалится, то будет несчастье. Это называется напастью и бедой.
010101;Цзи цзи (“Завершенность”);"Преуспевание в малом. Полезность. Несгибаемость. Сначала - счастье, а в конечном итоге - смятение. 1. Начальная девятка. Застрянут колеса - подмочишь свой хвост, но неприятностей не будет. 2. Шестерка вторая. Если женщина потеряет свое покрывало, пусть не ищет - через семь дней обретет вновь. 3. Девятка третья. ""Верховный предок"" как-то напал на ""Страну демонов""* и за три года покорил ее. У ничтожных людей нет предназначения. 4. Шестерка четвертая. Если промокнет платье до нитки, то до конца дня будь настороже. 5. Девятка пятая. Заклание быка на востоке не сравнится со скромной жертвой на западе. Будь правдив и обретешь себе благополучие. 6. Верхняя шестерка. Если вымокнет голова, то будет опасность. * Возможно, имеется в виду реальный исторический эпизод. ""Верховный предок"" (Гао цзун) - прозвище шанского правителя У-Дина (пр. 1324-1266 гг. до н.э.). ""Страна демонов"" (гуй фан) - земли к северо-западу от Чжоу, на которых жили варварские племена ди."
101010;Вэй цзи (“Незавершенность”);Преуспевание. Лисенок почти переправился, но подмочил свой хвост. Ничего полезного. 1. Начальная шестерка. Подмочить свой хвост - к сожалениям. 2. Девятка вторая. Если застрянут колеса, то несгибаемость - к счастью. 461 3. Шестерка третья. При незавершенности поход - к несчастью. Полезно переходить вброд великую реку. 4. Девятка четвертая. Несгибаемость - к счастью и к исчезновению сожалений. Когда грянет гром, то выпадет предназначение покорить страну демонов. Через три года будет успех великому царству. 5. Шестерка пятая. Несгибаемость - к счастью и к исчезновению сожалений. Благородного человека ждет слава. Обладание верностью - к счастью. 6. Верхняя девятка. Обладай верностью, когда пьешь вино, и неприятностей не будет. Если вымокнет голова, то верность будет утрачена.
